{"cameraMode":{"drawMode":0,"name":"Shaded","section":"Shading Mode"},"sceneLighting":false,"audioPlay":false,"sceneViewState":{"showFog":true,"showMaterialUpdate":true,"showSkybox":false,"showFlares":true,"showImageEffects":true,"showParticleSystems":true},"in2DMode":false,"pivot":{"x":0.06069326400756836,"y":1.8000001907348633,"z":0.0},"rotation":{"x":-0.07511458545923233,"y":0.057403042912483218,"z":-0.0043302541598677639,"w":-0.995524525642395},"size":7.4186015129089359,"orthographic":false}