{"cameraMode":{"drawMode":0,"name":"Shaded","section":"Shading Mode"},"sceneLighting":false,"audioPlay":false,"sceneViewState":{"showFog":true,"showMaterialUpdate":true,"showSkybox":false,"showFlares":true,"showImageEffects":true,"showParticleSystems":true},"in2DMode":false,"pivot":{"x":-2.076486587524414,"y":-0.8265215158462524,"z":8.213445663452149},"rotation":{"x":-0.1311863362789154,"y":-0.10478213429450989,"z":0.013945795595645905,"w":-0.985718846321106},"size":11.02474594116211,"orthographic":false}